Timestamp Input,Nama Pegawai,Tanggal Pengajuan,Nominal Kasbon,Keterangan / Keperluan,Status Konfirmasi Admin
15/05/2026 13:29:03,Aziz,2026-05-15,70000,Pribadi,Menunggu Konfirmasi
15/05/2026 22:51:15,Danu,2026-05-15,15000,Mau Rokok T-T,Menunggu Konfirmasi
15/05/2026 13:29:33,Nathan,2026-05-15,100000,Pribadi,Menunggu Konfirmasi
16/05/2026 0:33:04,Nathan,2026-05-15,23000,Private,Menunggu Konfirmasi
15/05/2026 1:22:57,Will,2026-05-15,20000,Sehari-hari,Menunggu Konfirmasi
16/05/2026 16:08:37,Nathan,2026-05-16,50000,Private,Menunggu Konfirmasi
16/05/2026 6:51:18,Will,2026-05-16,30000,Sehari-hari,Menunggu Konfirmasi
16/05/2026 23:27:24,Will,2026-05-16,100000,Sehari-hari,Menunggu Konfirmasi
17/05/2026 9:21:49,Aziz,2026-05-17,50000,Private,Menunggu Konfirmasi
17/05/2026 9:15:37,Nathan,2026-05-17,50000,Private,Menunggu Konfirmasi
18/05/2026 19:51:10,Ardi,2026-05-18,50000,Pribadi,Menunggu Konfirmasi
18/05/2026 19:50:58,Aziz,2026-05-18,50000,Pribadi,Menunggu Konfirmasi
18/05/2026 14:31:30,Nathan,2026-05-18,150000,Private,Menunggu Konfirmasi
20/05/2026 0:20:17,Ardi,2026-05-19,30000,Pribadi,Menunggu Konfirmasi
19/05/2026 12:12:27,Aziz,2026-05-19,50000,Private,Menunggu Konfirmasi
19/05/2026 23:54:15,Aziz,2026-05-19,20000,Pribadi,Menunggu Konfirmasi
19/05/2026 1:39:52,Will,2026-05-19,10000,Sehari-hari,Menunggu Konfirmasi
20/05/2026 13:05:58,Ardi,2026-05-20,50000,Potong rambut,Menunggu Konfirmasi
20/05/2026 0:20:01,Danu,2026-05-20,200000,BELI OBAT,Menunggu Konfirmasi
22/05/2026 0:26:32,Will,2026-05-21,15000,Sehari-hari,Menunggu Konfirmasi
23/05/2026 0:22:37,Aziz,2026-05-22,50000,Pribadi,Menunggu Konfirmasi
24/05/2026 0:45:23,Aziz,2026-05-23,50000,Pribadi,Menunggu Konfirmasi
24/05/2026 12:00:00,Aziz,2026-05-24,50000,Kasbon,Menunggu Konfirmasi
24/05/2026 12:00:00,Will,2026-05-24,20000,Kasbon,Menunggu Konfirmasi
26/05/2026 18:19:22,Aziz,2026-05-26,50000,Pribadi,Menunggu Konfirmasi
26/05/2026 1:01:53,Nathan,2026-05-26,50000,Private,Menunggu Konfirmasi
27/05/2026 12:00:00,Aziz,2026-05-27,50000,Kasbon,Menunggu Konfirmasi
28/05/2026 0:06:45,Aziz,2026-05-28,60000,Private,Menunggu Konfirmasi
28/05/2026 0:06:57,Nathan,2026-05-28,50000,Private,Menunggu Konfirmasi
29/05/2026 9:41:06,Will,2026-05-29,20000,Sehari2,Menunggu Konfirmasi
30/05/2026 13:26:59,Ardi,2026-05-30,7000,Paket,Menunggu Konfirmasi
31/05/2026 0:20:59,Ardi,2026-05-30,32000,Pribadi,Menunggu Konfirmasi
31/05/2026 0:20:39,Aziz,2026-05-30,50000,Pribadi,Menunggu Konfirmasi
31/05/2026 8:46:34,Aziz,2026-05-31,50000,Private,Menunggu Konfirmasi
01/06/2026 18:06:35,Aziz,2026-05-31,50000,Pribadi,Menunggu Konfirmasi
02/06/2026 23:15:10,Aziz,2026-06-01,50000,Private,Menunggu Konfirmasi
01/06/2026 18:09:07,Nathan,2026-06-01,25000,Private,Menunggu Konfirmasi
02/06/2026 9:02:28,Will,2026-06-02,25000,Sehari2,Menunggu Konfirmasi
03/06/2026 1:00:02,Aziz,2026-06-03,50000,Private,Menunggu Konfirmasi
04/06/2026 0:29:07,Aziz,2026-06-03,60000,Private,Menunggu Konfirmasi
05/06/2026 0:08:55,Aziz,2026-06-04,70000,Private,Menunggu Konfirmasi
05/06/2026 23:36:18,Aziz,2026-06-05,50000,Private,Menunggu Konfirmasi
07/06/2026 20:32:50,Aziz,2026-06-06,50000,Pribadi,Menunggu Konfirmasi
06/06/2026 23:00:54,Nathan,2026-06-06,30000,Private,Menunggu Konfirmasi
07/06/2026 0:05:07,Will,2026-06-06,20000,Sehari2,Menunggu Konfirmasi
07/06/2026 10:07:53,Will,2026-06-07,400000,Hari-haru,Menunggu Konfirmasi
07/06/2026 18:00:15,Will,2026-06-07,20000,Kasbon,Menunggu Konfirmasi
09/06/2026 0:08:55,Aziz,2026-06-08,70000,Private,Menunggu Konfirmasi
04/06/2026 0:05:16,Ardi,2026-06-09,500000,Private,Menunggu Konfirmasi
08/06/2026 0:05:16,Ardi,2026-06-09,150000,Private,Menunggu Konfirmasi
10/06/2026 0:05:16,Aziz,2026-06-09,50000,Private,Menunggu Konfirmasi
10/06/2026 12:00:00,Ardi,2026-06-10,20000,Kasbon,Menunggu Konfirmasi
10/06/2026 12:00:00,Aziz,2026-06-10,50000,Kasbon,Menunggu Konfirmasi
10/06/2026 12:00:00,Danu,2026-06-10,10000,Kasbon,Menunggu Konfirmasi
12/06/2026 0:40:22,Aziz,2026-06-11,50000,Private,Menunggu Konfirmasi
